From country;To country;Jury A;Jury B;Jury C;Jury D;Jury E;Jury Rank;Televote Rank;Jury Points;Televote Points
Albania;Hungary;8;13;9;14;9;10;10;1;1
Albania;Armenia;12;24;14;3;25;15;9;0;2
Albania;Sweden;16;8;15;6;15;11;8;0;3
Albania;Lithuania;13;18;22;17;23;20;7;0;4
Albania;Poland;14;7;13;20;22;14;6;0;5
Albania;Ukraine;17;25;8;2;8;12;5;0;6
Albania;Russia;7;4;7;5;7;4;4;7;7
Albania;Bulgaria;11;3;6;13;6;7;3;4;8
Albania;Italy;4;10;3;7;2;3;2;8;10
Albania;Australia;1;1;2;1;3;1;1;12;12
Albania;Malta;5;21;5;16;5;9;16;2;0
Albania;Israel;10;2;18;4;12;8;17;3;0
Albania;United Kingdom;2;6;10;10;10;6;18;5;0
Albania;Spain;9;5;4;12;4;5;23;6;0
Albania;France;3;9;1;9;1;2;11;10;0
Armenia;Poland;24;10;24;24;22;23;10;0;1
Armenia;Sweden;21;8;18;21;18;17;9;0;2
Armenia;Hungary;23;22;10;22;11;18;8;0;3
Armenia;Austria;18;16;23;20;21;22;7;0;4
Armenia;Malta;3;5;3;4;3;3;6;8;5
Armenia;Cyprus;10;3;4;3;5;5;5;6;6
Armenia;France;1;1;1;1;1;1;4;12;7
Armenia;Georgia;2;2;2;2;2;2;3;10;8
Armenia;Ukraine;7;20;21;14;23;16;2;0;10
Armenia;Russia;5;17;7;7;16;9;1;2;12
Armenia;Czech Republic;13;14;12;8;9;10;18;1;0
Armenia;Spain;8;7;8;12;7;8;13;3;0
Armenia;Belgium;12;6;9;6;6;7;17;4;0
Armenia;Australia;6;9;6;9;8;6;12;5;0
Armenia;Bulgaria;4;4;5;5;4;4;15;7;0
Australia;Lithuania;6;4;5;5;4;4;10;7;1
Australia;Spain;3;5;18;6;6;6;9;5;2
Australia;Austria;20;15;23;23;20;24;8;0;3
Australia;United Kingdom;9;11;2;11;15;7;7;4;4
Australia;Russia;24;13;17;22;8;18;6;0;5
Australia;Malta;15;24;19;18;14;21;5;0;6
Australia;France;5;7;13;7;5;5;4;6;7
Australia;Ukraine;13;10;9;9;9;9;3;2;8
Australia;Bulgaria;2;1;7;3;3;3;2;8;10
Australia;Belgium;1;2;1;1;1;1;1;12;12
Australia;Croatia;17;8;8;19;13;10;18;1;0
Australia;The Netherlands;10;14;11;4;10;8;16;3;0
Australia;Israel;4;3;3;2;2;2;14;10;0
Austria;France;5;3;3;18;3;4;10;7;1
Austria;Germany;17;21;24;19;18;23;9;0;2
Austria;Australia;2;1;1;1;2;1;8;12;3
Austria;Serbia;13;13;23;24;24;22;7;0;4
Austria;Bulgaria;6;10;14;17;20;14;6;0;5
Austria;The Netherlands;9;11;11;7;16;11;5;0;6
Austria;Sweden;3;5;4;10;4;3;4;8;7
Austria;Russia;21;8;8;4;6;8;3;3;8
Austria;Ukraine;15;15;16;13;23;16;2;0;10
Austria;Poland;20;25;25;23;25;25;1;0;12
Austria;Lithuania;16;6;6;16;10;10;20;1;0
Austria;Armenia;4;4;18;15;12;9;12;2;0
Austria;Czech Republic;12;7;7;9;7;7;23;4;0
Austria;Belgium;1;12;10;6;9;6;14;5;0
Austria;Croatia;8;9;5;5;8;5;19;6;0
Austria;Malta;11;2;2;2;1;2;25;10;0
Azerbaijan;Georgia;24;24;24;22;24;24;10;0;1
Azerbaijan;Australia;11;7;3;8;5;4;9;7;2
Azerbaijan;Poland;14;4;11;10;6;9;8;2;3
Azerbaijan;France;12;9;5;20;18;12;7;0;4
Azerbaijan;Malta;5;5;9;3;14;5;6;6;5
Azerbaijan;Israel;6;6;4;7;20;8;5;3;6
Azerbaijan;Hungary;3;22;8;6;3;7;4;4;7
Azerbaijan;Bulgaria;7;2;6;5;9;3;3;8;8
Azerbaijan;Ukraine;2;3;2;2;2;2;2;10;10
Azerbaijan;Russia;1;1;1;1;1;1;1;12;12
Azerbaijan;Spain;15;10;12;15;7;10;15;1;0
Azerbaijan;Lithuania;8;12;7;9;4;6;18;5;0
Belarus;Australia;9;4;8;2;7;5;10;6;1
Belarus;Sweden;3;3;3;5;3;3;9;8;2
Belarus;Hungary;7;25;18;6;10;13;8;0;3
Belarus;Bulgaria;8;9;13;17;11;10;7;1;4
Belarus;Latvia;21;17;25;23;24;24;6;0;5
Belarus;Poland;16;21;5;9;22;14;5;0;6
Belarus;Armenia;5;14;16;10;5;8;4;3;7
Belarus;Azerbaijan;13;12;12;11;8;9;3;2;8
Belarus;Ukraine;4;6;4;7;1;4;2;7;10
Belarus;Russia;1;1;2;3;2;1;1;12;12
Belarus;Belgium;10;7;7;4;9;7;18;4;0
Belarus;Malta;6;2;9;8;6;6;22;5;0
Belarus;Lithuania;2;8;1;1;4;2;12;10;0
Belgium;Sweden;25;16;19;20;24;23;10;0;1
Belgium;Ukraine;20;10;4;5;2;8;9;3;2
Belgium;Austria;11;15;3;4;4;6;8;5;3
Belgium;Australia;1;2;2;3;1;1;7;12;4
Belgium;Bulgaria;5;7;10;6;8;5;6;6;5
Belgium;Russia;15;5;7;10;17;11;5;0;6
Belgium;Armenia;23;23;23;18;23;25;4;0;7
Belgium;France;4;1;1;12;16;3;3;8;8
Belgium;The Netherlands;3;4;13;7;10;7;2;4;10
Belgium;Poland;18;13;25;16;19;19;1;0;12
Belgium;Czech Republic;13;14;8;8;9;10;23;1;0
Belgium;Israel;6;8;15;15;7;9;17;2;0
Belgium;Georgia;12;3;14;2;5;4;20;7;0
Belgium;Italy;2;6;5;1;3;2;13;10;0
Bosnia & Herzegovina;Hungary;12;19;14;13;13;13;10;0;1
Bosnia & Herzegovina;Bulgaria;4;12;5;12;11;8;9;3;2
Bosnia & Herzegovina;Australia;2;1;2;5;2;2;8;10;3
Bosnia & Herzegovina;France;7;4;4;8;3;4;7;7;4
Bosnia & Herzegovina;Austria;21;26;23;26;26;26;6;0;5
Bosnia & Herzegovina;Russia;8;3;10;7;6;6;5;5;6
Bosnia & Herzegovina;Ukraine;1;2;1;2;1;1;4;12;7
Bosnia & Herzegovina;Azerbaijan;19;5;13;10;15;10;3;1;8
Bosnia & Herzegovina;Croatia;9;9;9;3;8;7;2;4;10
Bosnia & Herzegovina;Serbia;6;7;3;1;7;3;1;8;12
Bosnia & Herzegovina;Armenia;5;10;20;20;4;9;12;2;0
Bosnia & Herzegovina;Czech Republic;3;6;8;4;5;5;20;6;0
Bulgaria;Azerbaijan;18;12;21;22;13;18;10;0;1
Bulgaria;Israel;20;8;8;13;15;12;9;0;2
Bulgaria;Sweden;10;17;19;25;22;20;8;0;3
Bulgaria;Austria;13;25;25;14;14;19;7;0;4
Bulgaria;Australia;5;3;2;4;1;3;6;8;5
Bulgaria;Poland;11;23;12;7;10;11;5;0;6
Bulgaria;Cyprus;21;19;24;19;19;23;4;0;7
Bulgaria;Armenia;3;1;3;2;3;1;3;12;8
Bulgaria;Ukraine;25;5;7;23;24;17;2;0;10
Bulgaria;Russia;1;10;5;10;4;5;1;6;12
Bulgaria;Lithuania;12;6;9;17;18;10;15;1;0
Bulgaria;The Netherlands;17;11;18;5;8;9;23;2;0
Bulgaria;Georgia;6;20;6;8;16;8;20;3;0
Bulgaria;Spain;7;16;10;6;11;7;17;4;0
Bulgaria;Serbia;2;7;4;11;7;6;11;5;0
Bulgaria;Malta;9;2;13;1;5;4;19;7;0
Bulgaria;Belgium;4;4;1;3;2;2;13;10;0
Croatia;Bulgaria;25;16;19;16;15;20;10;0;1
Croatia;France;2;4;11;10;7;3;9;8;2
Croatia;Hungary;11;15;12;2;3;6;8;5;3
Croatia;Poland;16;10;21;18;5;17;7;0;4
Croatia;Australia;4;6;8;4;1;1;6;12;5
Croatia;Austria;20;13;17;22;22;21;5;0;6
Croatia;Sweden;10;19;7;19;17;18;4;0;7
Croatia;Russia;19;2;3;6;10;5;3;6;8
Croatia;Ukraine;24;12;1;12;19;16;2;0;10
Croatia;Serbia;12;11;4;7;14;9;1;2;12
Croatia;Cyprus;9;17;10;11;4;10;13;1;0
Croatia;Italy;5;3;5;17;16;8;11;3;0
Croatia;Armenia;15;1;9;3;18;7;12;4;0
Croatia;Israel;3;8;6;8;12;4;22;7;0
Croatia;Czech Republic;18;7;2;1;2;2;20;10;0
Cyprus;Sweden;13;15;7;16;13;14;10;0;1
Cyprus;Poland;24;24;25;25;25;25;9;0;2
Cyprus;Lithuania;18;17;10;3;17;15;8;0;3
Cyprus;Hungary;19;7;5;15;6;7;7;4;4
Cyprus;Australia;2;3;3;2;3;2;6;10;5
Cyprus;France;14;6;2;5;5;4;5;7;6
Cyprus;Ukraine;22;4;20;19;19;18;4;0;7
Cyprus;Armenia;4;2;11;8;2;3;3;8;8
Cyprus;Russia;1;1;1;1;1;1;2;12;10
Cyprus;Bulgaria;15;12;24;21;12;17;1;0;12
Cyprus;Croatia;3;18;15;11;15;10;25;1;0
Cyprus;Azerbaijan;6;8;16;6;22;9;11;2;0
Cyprus;Italy;11;10;12;9;11;8;12;3;0
Cyprus;Israel;7;11;6;4;9;6;15;5;0
Cyprus;Malta;8;9;4;7;4;5;18;6;0
Czech Republic;Australia;3;10;10;15;17;11;10;0;1
Czech Republic;Sweden;1;1;1;1;1;1;9;12;2
Czech Republic;Hungary;4;2;2;6;2;2;8;10;3
Czech Republic;Austria;16;16;5;9;12;12;7;0;4
Czech Republic;Bulgaria;21;7;18;11;11;14;6;0;5
Czech Republic;Azerbaijan;20;12;12;17;16;17;5;0;6
Czech Republic;Poland;23;21;21;22;22;23;4;0;7
Czech Republic;Armenia;17;15;14;21;19;18;3;0;8
Czech Republic;Russia;18;25;24;25;25;25;2;0;10
Czech Republic;Ukraine;19;24;22;24;24;24;1;0;12
Czech Republic;Latvia;11;11;11;14;7;10;14;1;0
Czech Republic;Belgium;13;8;6;12;14;9;20;2;0
Czech Republic;Lithuania;8;14;9;10;8;8;15;3;0
Czech Republic;United Kingdom;15;5;13;3;13;7;23;4;0
Czech Republic;France;7;13;4;5;4;6;11;5;0
Czech Republic;Malta;12;4;7;4;5;5;24;6;0
Czech Republic;The Netherlands;2;6;3;7;6;4;18;7;0
Czech Republic;Croatia;5;3;8;2;3;3;25;8;0
Denmark;Austria;10;7;26;15;18;17;10;0;1
Denmark;France;6;23;18;2;20;14;9;0;2
Denmark;Ukraine;4;2;3;14;5;1;8;12;3
Denmark;Russia;9;24;11;9;15;13;7;0;4
Denmark;Poland;21;17;15;18;26;25;6;0;5
Denmark;Lithuania;13;15;7;7;11;6;5;5;6
Denmark;The Netherlands;2;25;12;6;4;4;4;7;7
Denmark;Belgium;3;22;8;8;3;3;3;8;8
Denmark;Australia;1;26;1;1;1;2;2;10;10
Denmark;Sweden;5;20;17;10;2;7;1;4;12
Denmark;Spain;22;21;6;3;8;10;12;1;0
Denmark;Israel;11;19;2;16;9;9;16;2;0
Denmark;United Kingdom;8;11;5;25;7;8;15;3;0
Denmark;Bulgaria;7;16;4;17;6;5;11;6;0
Estonia;Poland;22;9;23;22;23;23;10;0;1
Estonia;France;17;1;9;15;15;10;9;1;2
Estonia;Cyprus;12;5;13;19;6;7;8;4;3
Estonia;Australia;3;11;2;5;7;2;7;10;4
Estonia;Lithuania;7;14;8;9;2;6;6;5;5
Estonia;Austria;9;16;21;23;25;21;5;0;6
Estonia;Latvia;4;7;7;8;4;3;4;8;7
Estonia;Ukraine;1;8;3;3;20;4;3;7;8
Estonia;Sweden;2;3;1;1;1;1;2;12;10
Estonia;Russia;16;10;11;18;26;18;1;0;12
Estonia;Malta;6;22;6;6;17;9;20;2;0
Estonia;United Kingdom;5;13;12;10;16;8;21;3;0
Estonia;The Netherlands;8;4;4;7;13;5;12;6;0
F.Y.R. Macedonia;Italy;11;17;21;14;21;22;10;0;1
F.Y.R. Macedonia;Poland;2;23;9;18;17;12;9;0;2
F.Y.R. Macedonia;Australia;7;3;3;9;3;3;8;8;3
F.Y.R. Macedonia;Belgium;19;7;11;4;13;7;7;4;4
F.Y.R. Macedonia;Croatia;9;11;6;7;14;5;6;6;5
F.Y.R. Macedonia;Ukraine;4;1;1;5;2;1;5;12;6
F.Y.R. Macedonia;Armenia;16;12;15;26;4;15;4;0;7
F.Y.R. Macedonia;Russia;1;9;18;22;19;11;3;0;8
F.Y.R. Macedonia;Bulgaria;6;4;4;3;7;2;2;10;10
F.Y.R. Macedonia;Serbia;3;2;2;20;1;4;1;7;12
F.Y.R. Macedonia;Azerbaijan;21;16;8;12;10;10;24;1;0
F.Y.R. Macedonia;The Netherlands;5;8;24;2;24;9;19;2;0
F.Y.R. Macedonia;Latvia;17;5;22;10;6;8;13;3;0
F.Y.R. Macedonia;Israel;14;6;7;15;12;6;16;5;0
Finland;Cyprus;24;26;25;24;26;26;10;0;1
Finland;Latvia;7;16;26;14;5;13;9;0;2
Finland;France;17;20;4;11;3;10;8;1;3
Finland;Bulgaria;9;17;17;9;22;15;7;0;4
Finland;Poland;10;21;11;22;21;20;6;0;5
Finland;Austria;1;4;20;2;16;7;5;4;6
Finland;Australia;3;3;15;8;4;3;4;8;7
Finland;Russia;26;10;6;18;11;14;3;0;8
Finland;Sweden;2;1;3;1;6;1;2;12;10
Finland;Ukraine;8;5;22;6;15;11;1;0;12
Finland;Italy;16;11;10;3;12;9;16;2;0
Finland;Czech Republic;14;6;7;16;7;8;22;3;0
Finland;Malta;6;8;5;5;18;6;23;5;0
Finland;Lithuania;5;14;2;17;2;5;11;6;0
Finland;Israel;12;7;12;4;1;4;14;7;0
Finland;The Netherlands;4;2;8;7;8;2;13;10;0
France;Spain;8;5;7;19;2;8;10;3;1
France;Sweden;10;1;5;5;12;6;9;5;2
France;Israel;9;23;21;2;22;17;8;0;3
France;Belgium;16;19;10;16;5;12;7;0;4
France;Bulgaria;3;3;4;6;10;2;6;10;5
France;Russia;18;10;9;20;6;10;5;1;6
France;Poland;25;22;25;24;20;25;4;0;7
France;Austria;7;8;2;9;1;3;3;8;8
France;Ukraine;12;2;24;10;21;15;2;0;10
France;Armenia;13;15;17;7;7;9;1;2;12
France;Malta;6;17;6;3;8;7;25;4;0
France;Australia;4;4;3;4;15;5;12;6;0
France;The Netherlands;2;6;11;8;3;4;15;7;0
France;Italy;1;9;1;1;13;1;11;12;0
Georgia;Australia;4;2;2;12;3;3;10;8;1
Georgia;Hungary;7;21;20;20;13;19;9;0;2
Georgia;Bulgaria;24;23;14;22;25;24;8;0;3
Georgia;Poland;25;9;11;17;24;20;7;0;4
Georgia;Lithuania;6;8;6;13;6;6;6;5;5
Georgia;Latvia;5;5;7;5;5;4;5;7;6
Georgia;Azerbaijan;16;20;12;19;20;21;4;0;7
Georgia;Russia;21;18;19;24;23;23;3;0;8
Georgia;Ukraine;2;1;1;7;1;1;2;12;10
Georgia;Armenia;13;6;15;18;22;16;1;0;12
Georgia;Germany;19;14;10;8;12;10;13;1;0
Georgia;Croatia;12;7;21;2;19;9;24;2;0
Georgia;Israel;18;11;5;11;8;8;19;3;0
Georgia;France;17;15;8;1;7;7;18;4;0
Georgia;Sweden;3;13;4;6;2;5;11;6;0
Georgia;Belgium;1;3;3;9;4;2;21;10;0
Germany;Italy;13;7;11;8;11;8;10;3;1
Germany;Armenia;9;23;19;12;9;13;9;0;2
Germany;The Netherlands;11;6;13;4;4;7;8;4;3
Germany;Bulgaria;14;11;17;13;19;14;7;0;4
Germany;Australia;6;3;5;6;8;5;6;6;5
Germany;Ukraine;4;5;4;5;5;4;5;7;6
Germany;Austria;19;20;14;14;10;16;4;0;7
Germany;Sweden;1;4;2;3;2;2;3;10;8
Germany;Poland;18;14;16;19;20;19;2;0;10
Germany;Russia;23;17;10;16;15;18;1;0;12
Germany;Lithuania;15;9;6;15;12;10;15;1;0
Germany;Latvia;21;8;8;9;7;9;16;2;0
Germany;Belgium;2;10;7;7;6;6;17;5;0
Germany;Georgia;7;2;3;2;3;3;14;8;0
Germany;Israel;3;1;1;1;1;1;18;12;0
Greece;Austria;26;12;11;8;5;12;10;0;1
Greece;Hungary;11;4;14;13;8;8;9;3;2
Greece;Poland;25;24;26;15;15;25;8;0;3
Greece;France;8;11;10;2;7;5;7;6;4
Greece;Australia;6;5;3;3;14;4;6;7;5
Greece;Ukraine;3;13;13;6;16;9;5;2;6
Greece;Bulgaria;13;8;9;14;13;11;4;0;7
Greece;Armenia;5;3;2;4;2;2;3;10;8
Greece;Russia;1;1;1;1;4;1;2;12;10
Greece;Cyprus;4;2;5;5;1;3;1;8;12
Greece;Azerbaijan;10;7;7;21;9;10;19;1;0
Greece;Malta;9;9;8;10;6;7;22;4;0
Greece;Georgia;7;10;4;7;12;6;12;5;0
Hungary;France;14;19;10;22;19;20;10;0;1
Hungary;The Netherlands;6;5;7;16;8;5;9;6;2
Hungary;Australia;4;8;2;1;2;1;8;12;3
Hungary;Bulgaria;23;14;16;20;20;22;7;0;4
Hungary;Cyprus;13;11;11;13;17;15;6;0;5
Hungary;Austria;22;25;25;2;23;23;5;0;6
Hungary;Sweden;8;21;4;12;3;7;4;4;7
Hungary;Poland;24;23;24;25;18;25;3;0;8
Hungary;Russia;12;10;21;8;14;13;2;0;10
Hungary;Ukraine;18;4;15;6;21;12;1;0;12
Hungary;Armenia;11;3;22;5;12;10;12;1;0
Hungary;Czech Republic;7;17;6;21;1;9;18;2;0
Hungary;Lithuania;1;16;8;10;16;8;23;3;0
Hungary;Spain;9;1;14;9;13;6;15;5;0
Hungary;Azerbaijan;5;13;1;18;5;4;16;7;0
Hungary;Latvia;2;9;13;7;6;3;11;8;0
Hungary;Malta;3;2;20;3;7;2;20;10;0
Iceland;Azerbaijan;16;12;17;11;16;13;10;0;1
Iceland;Austria;17;9;8;5;22;10;9;1;2
Iceland;Belgium;12;11;4;12;12;8;8;3;3
Iceland;Lithuania;10;16;15;21;15;14;7;0;4
Iceland;France;7;14;22;6;5;9;6;2;5
Iceland;The Netherlands;3;2;2;3;1;1;5;12;6
Iceland;Russia;5;3;3;8;19;3;4;8;7
Iceland;Australia;2;1;5;2;2;2;3;10;8
Iceland;Poland;4;23;20;16;6;12;2;0;10
Iceland;Sweden;1;4;19;4;17;5;1;6;12
Iceland;Malta;8;7;12;15;3;7;19;4;0
Iceland;Czech Republic;9;5;9;9;13;6;24;5;0
Iceland;Croatia;6;8;24;1;4;4;26;7;0
Ireland;Austria;21;6;24;26;24;25;10;0;1
Ireland;Sweden;22;5;12;7;2;6;9;5;2
Ireland;United Kingdom;6;7;11;1;12;4;8;7;3
Ireland;Ukraine;25;24;5;15;6;15;7;0;4
Ireland;Bulgaria;10;4;4;3;4;2;6;10;5
Ireland;Australia;23;22;2;8;8;12;5;0;6
Ireland;Latvia;15;25;8;14;1;10;4;1;7
Ireland;Russia;8;21;17;12;26;18;3;0;8
Ireland;Poland;24;12;26;16;20;24;2;0;10
Ireland;Lithuania;11;26;16;6;14;14;1;0;12
Ireland;Czech Republic;12;15;14;9;11;9;23;2;0
Ireland;France;4;13;7;17;17;8;12;3;0
Ireland;Israel;2;11;9;13;13;7;18;4;0
Ireland;Italy;5;2;20;5;7;5;16;6;0
Ireland;The Netherlands;3;3;1;4;16;3;14;8;0
Ireland;Belgium;1;1;3;2;5;1;13;12;0
Israel;Belgium;12;6;2;9;1;5;10;6;1
Israel;Azerbaijan;11;16;9;25;10;14;9;0;2
Israel;Austria;24;11;20;17;23;22;8;0;3
Israel;Poland;8;23;12;15;21;16;7;0;4
Israel;Australia;3;4;1;1;8;2;6;10;5
Israel;Armenia;13;2;6;19;15;9;5;2;6
Israel;Bulgaria;7;5;7;5;6;4;4;7;7
Israel;Ukraine;1;1;5;2;2;1;3;12;8
Israel;Russia;5;20;17;7;20;13;2;0;10
Israel;France;4;9;3;3;3;3;1;8;12
Israel;Lithuania;18;7;11;4;16;10;11;1;0
Israel;Croatia;2;21;15;8;7;8;23;3;0
Israel;Spain;6;12;8;14;13;7;14;4;0
Israel;Latvia;9;3;4;11;4;6;16;5;0
Italy;Armenia;18;17;19;24;19;22;10;0;1
Italy;Lithuania;17;24;14;16;7;16;9;0;2
Italy;Georgia;7;16;2;4;20;8;8;3;3
Italy;Serbia;13;20;20;23;21;21;7;0;4
Italy;France;1;1;18;2;6;4;6;7;5
Italy;Cyprus;16;23;3;8;8;10;5;1;6
Italy;Bulgaria;9;15;17;18;15;14;4;0;7
Italy;Russia;25;3;23;17;12;18;3;0;8
Italy;Poland;20;14;24;25;11;19;2;0;10
Italy;Ukraine;4;7;4;7;3;2;1;10;12
Italy;Sweden;24;4;11;6;5;9;16;2;0
Italy;The Netherlands;14;5;5;10;4;7;19;4;0
Italy;Malta;2;2;10;3;18;6;20;5;0
Italy;Australia;3;8;8;9;2;5;11;6;0
Italy;Israel;6;9;6;5;1;3;17;8;0
Italy;Spain;5;6;1;1;9;1;13;12;0
Latvia;Bulgaria;22;9;12;6;3;10;10;1;1
Latvia;Georgia;21;3;7;4;20;11;9;0;2
Latvia;Azerbaijan;10;20;24;19;21;22;8;0;3
Latvia;Austria;16;21;22;24;16;23;7;0;4
Latvia;Poland;20;24;25;25;15;24;6;0;5
Latvia;Australia;7;6;10;16;5;6;5;5;6
Latvia;Sweden;3;4;2;3;8;3;4;8;7
Latvia;Lithuania;6;2;3;2;1;2;3;10;8
Latvia;Ukraine;2;1;1;1;4;1;2;12;10
Latvia;Russia;4;8;5;14;2;4;1;7;12
Latvia;Israel;8;11;13;11;7;9;20;2;0
Latvia;The Netherlands;5;12;16;10;6;8;16;3;0
Latvia;Malta;14;7;6;7;14;7;23;4;0
Latvia;Armenia;1;13;8;9;11;5;14;6;0
Lithuania;Austria;19;23;19;24;19;23;10;0;1
Lithuania;Hungary;23;11;8;20;23;19;9;0;2
Lithuania;France;14;20;13;5;10;10;8;1;3
Lithuania;Georgia;2;4;1;2;3;2;7;10;4
Lithuania;Australia;1;2;2;1;1;1;6;12;5
Lithuania;Poland;6;19;9;11;14;8;5;3;6
Lithuania;Sweden;20;9;11;22;16;14;4;0;7
Lithuania;Russia;25;25;25;25;22;25;3;0;8
Lithuania;Ukraine;3;1;3;4;2;3;2;8;10
Lithuania;Latvia;4;3;4;3;5;4;1;7;12
Lithuania;Bulgaria;9;12;22;8;8;9;11;2;0
Lithuania;Armenia;10;5;7;10;17;7;12;4;0
Lithuania;Belgium;7;7;6;7;4;6;13;5;0
Lithuania;Israel;5;6;5;6;7;5;19;6;0
Malta;United Kingdom;2;1;2;4;1;1;10;12;1
Malta;France;4;7;1;8;4;5;9;6;2
Malta;The Netherlands;13;11;15;25;20;17;8;0;3
Malta;Ukraine;23;25;18;23;14;24;7;0;4
Malta;Hungary;19;15;12;16;19;14;6;0;5
Malta;Azerbaijan;20;9;21;19;8;11;5;0;6
Malta;Italy;5;4;4;3;5;3;4;8;7
Malta;Bulgaria;1;5;6;1;7;2;3;10;8
Malta;Russia;3;8;5;5;13;7;2;4;10
Malta;Australia;6;10;9;7;6;8;1;3;12
Malta;Israel;10;14;8;12;11;10;18;1;0
Malta;Spain;9;6;10;9;10;9;20;2;0
Malta;Cyprus;12;3;7;2;2;6;12;5;0
Malta;Armenia;8;2;3;6;3;4;14;7;0
Moldova;Latvia;17;16;21;10;14;14;10;0;1
Moldova;Bulgaria;24;21;23;14;22;23;9;0;2
Moldova;Lithuania;6;6;12;8;11;7;8;4;3
Moldova;Austria;11;19;17;17;25;18;7;0;4
Moldova;Australia;1;2;1;3;3;2;6;10;5
Moldova;France;23;7;14;24;17;17;5;0;6
Moldova;Armenia;5;5;8;11;2;6;4;5;7
Moldova;Azerbaijan;19;25;26;25;24;26;3;0;8
Moldova;Ukraine;2;1;2;1;1;1;2;12;10
Moldova;Russia;3;3;10;9;4;4;1;7;12
Moldova;Croatia;15;15;15;2;8;10;24;1;0
Moldova;Cyprus;16;12;11;7;5;9;16;2;0
Moldova;Malta;7;10;9;13;9;8;19;3;0
Moldova;Sweden;4;9;5;5;7;5;12;6;0
Moldova;Spain;12;4;3;4;6;3;17;8;0
Montenegro;France;15;4;7;8;6;6;10;5;1
Montenegro;Lithuania;21;17;20;12;16;18;9;0;2
Montenegro;Hungary;4;7;3;3;14;4;8;7;3
Montenegro;Italy;12;18;25;20;15;20;7;0;4
Montenegro;Bulgaria;5;11;12;19;11;9;6;2;5
Montenegro;Croatia;13;23;10;6;22;14;5;0;6
Montenegro;Azerbaijan;6;22;13;15;24;15;4;0;7
Montenegro;Ukraine;8;15;17;7;19;11;3;0;8
Montenegro;Russia;3;3;1;4;2;3;2;8;10
Montenegro;Serbia;7;12;5;5;8;5;1;6;12
Montenegro;Poland;9;20;8;10;12;10;21;1;0
Montenegro;Belgium;22;5;11;11;5;8;16;3;0
Montenegro;Australia;10;10;6;9;7;7;13;4;0
Montenegro;Armenia;1;1;4;1;3;2;11;10;0
Montenegro;Malta;2;2;2;2;1;1;18;12;0
Norway;France;11;12;21;6;19;14;10;0;1
Norway;Belgium;8;9;1;8;12;6;9;5;2
Norway;Latvia;17;15;19;19;16;19;8;0;3
Norway;Ukraine;9;21;10;9;2;7;7;4;4
Norway;Bulgaria;1;2;7;15;1;3;6;8;5
Norway;Russia;19;1;17;10;11;13;5;0;6
Norway;Sweden;13;6;11;12;14;12;4;0;7
Norway;Australia;5;10;3;3;4;2;3;10;8
Norway;Poland;3;13;15;17;7;10;2;1;10
Norway;Lithuania;6;17;4;4;24;9;1;2;12
Norway;Israel;15;5;6;11;15;8;18;3;0
Norway;The Netherlands;4;7;5;2;10;5;11;6;0
Norway;Spain;7;4;9;5;3;4;13;7;0
Norway;Italy;2;3;2;1;6;1;14;12;0
Poland;Cyprus;25;24;12;24;23;25;10;0;1
Poland;Armenia;8;15;18;15;5;11;9;0;2
Poland;Bulgaria;9;18;16;8;6;8;8;3;3
Poland;Austria;24;6;25;25;25;24;7;0;4
Poland;Latvia;7;12;10;4;11;5;6;6;5
Poland;Hungary;22;19;6;20;10;18;5;0;6
Poland;Australia;2;2;4;3;2;2;4;10;7
Poland;Russia;19;3;7;18;17;13;3;0;8
Poland;Sweden;18;4;5;22;15;12;2;0;10
Poland;Ukraine;1;1;1;1;1;1;1;12;12
Poland;France;13;23;9;12;4;10;15;1;0
Poland;Lithuania;4;7;19;5;24;9;11;2;0
Poland;Czech Republic;5;11;21;10;7;7;19;4;0
Poland;Spain;12;13;3;19;3;6;12;5;0
Poland;Israel;3;10;8;2;18;4;18;7;0
Poland;Georgia;15;5;2;11;8;3;13;8;0
Russia;Latvia;7;20;9;5;5;8;10;3;1
Russia;Sweden;14;17;7;14;20;15;9;0;2
Russia;France;5;9;4;10;6;4;8;7;3
Russia;Australia;24;6;10;9;8;9;7;2;4
Russia;Poland;10;25;23;25;24;23;6;0;5
Russia;Azerbaijan;2;2;3;3;1;2;5;10;6
Russia;Cyprus;4;7;11;12;10;7;4;4;7
Russia;Austria;21;11;17;16;17;19;3;0;8
Russia;Ukraine;25;14;21;23;25;24;2;0;10
Russia;Armenia;3;1;1;1;3;1;1;12;12
Russia;Hungary;12;15;12;19;2;10;12;1;0
Russia;Georgia;9;4;16;7;7;6;13;5;0
Russia;United Kingdom;6;10;8;6;9;5;25;6;0
Russia;Malta;1;12;2;2;4;3;19;8;0
San Marino;Hungary;10;15;6;16;19;9;10;2;1
San Marino;Armenia;17;7;25;26;3;18;9;0;2
San Marino;Bulgaria;16;24;19;3;16;17;8;0;3
San Marino;Sweden;20;22;20;19;15;25;7;0;4
San Marino;Australia;5;13;24;12;14;12;6;0;5
San Marino;Latvia;24;25;13;9;7;19;5;0;6
San Marino;Poland;21;9;23;21;26;26;4;0;7
San Marino;Lithuania;7;26;14;24;11;20;3;0;8
San Marino;Russia;2;23;4;4;10;4;2;7;10
San Marino;Ukraine;3;3;1;6;1;1;1;12;12
San Marino;Austria;13;10;16;25;2;10;11;1;0
San Marino;Malta;22;18;10;7;6;8;23;3;0
San Marino;The Netherlands;18;2;3;2;23;7;17;4;0
San Marino;Cyprus;4;6;12;11;13;6;15;5;0
San Marino;Georgia;1;8;11;20;4;5;18;6;0
San Marino;United Kingdom;11;11;5;10;5;3;16;8;0
San Marino;Italy;9;1;7;1;17;2;13;10;0
Serbia;Sweden;22;22;24;20;24;25;10;0;1
Serbia;Armenia;21;7;14;6;4;8;9;3;2
Serbia;Cyprus;12;20;23;19;17;20;8;0;3
Serbia;Croatia;15;24;13;24;11;18;7;0;4
Serbia;Belgium;23;10;10;12;7;13;6;0;5
Serbia;Australia;3;6;8;7;8;5;5;6;6
Serbia;Ukraine;1;1;3;1;1;1;4;12;7
Serbia;Bulgaria;6;14;4;8;14;7;3;4;8
Serbia;Hungary;20;21;18;21;20;22;2;0;10
Serbia;Russia;13;11;6;11;15;10;1;1;12
Serbia;United Kingdom;5;4;12;25;9;9;25;2;0
Serbia;The Netherlands;10;5;9;13;6;6;18;5;0
Serbia;Israel;8;2;2;14;5;4;16;7;0
Serbia;Lithuania;7;8;7;3;2;3;20;8;0
Serbia;Malta;2;3;1;2;3;2;22;10;0
Slovenia;Italy;15;15;26;19;25;23;10;0;1
Slovenia;Bulgaria;2;2;11;1;6;2;9;10;2
Slovenia;Australia;10;7;4;2;14;5;8;6;3
Slovenia;Poland;20;25;25;20;2;19;7;0;4
Slovenia;Sweden;21;11;10;10;15;15;6;0;5
Slovenia;Austria;13;16;21;23;21;20;5;0;6
Slovenia;Ukraine;3;1;1;6;3;1;4;12;7
Slovenia;Croatia;9;14;12;14;13;12;3;0;8
Slovenia;Russia;17;19;24;16;1;17;2;0;10
Slovenia;Serbia;12;8;6;9;12;6;1;5;12
Slovenia;The Netherlands;18;13;7;12;9;10;16;1;0
Slovenia;Israel;19;12;14;5;7;9;20;2;0
Slovenia;Hungary;4;4;18;13;11;8;14;3;0
Slovenia;Armenia;16;6;3;8;16;7;19;4;0
Slovenia;Latvia;1;9;5;4;8;4;15;7;0
Slovenia;Belgium;7;3;2;3;10;3;11;8;0
Spain;Sweden;4;5;17;23;20;14;10;0;1
Spain;Austria;24;25;14;24;14;22;9;0;2
Spain;Italy;9;10;7;9;6;6;8;5;3
Spain;Australia;11;3;4;6;3;3;7;8;4
Spain;Poland;23;22;21;19;23;25;6;0;5
Spain;Armenia;1;2;1;1;2;1;5;12;6
Spain;Ukraine;13;19;18;16;16;20;4;0;7
Spain;Russia;14;6;8;14;1;7;3;4;8
Spain;France;3;11;3;3;12;4;2;7;10
Spain;Bulgaria;12;21;16;8;10;12;1;0;12
Spain;Israel;18;4;11;10;17;10;19;1;0
Spain;Azerbaijan;22;12;6;13;5;9;22;2;0
Spain;The Netherlands;2;15;10;2;18;8;13;3;0
Spain;Malta;5;9;9;5;11;5;21;6;0
Spain;Hungary;10;1;2;4;7;2;16;10;0
Sweden;Spain;15;2;2;14;23;10;10;1;1
Sweden;The Netherlands;5;10;12;6;3;6;9;5;2
Sweden;France;2;9;5;3;10;3;8;8;3
Sweden;Bulgaria;19;7;14;17;4;13;7;0;4
Sweden;Austria;10;21;21;5;9;14;6;0;5
Sweden;Lithuania;13;18;7;12;2;9;5;2;6
Sweden;Ukraine;3;19;20;21;13;16;4;0;7
Sweden;Russia;7;6;8;4;8;5;3;6;8
Sweden;Poland;25;24;25;20;21;25;2;0;10
Sweden;Australia;1;5;1;1;1;1;1;12;12
Sweden;Czech Republic;6;8;11;7;18;8;25;3;0
Sweden;Armenia;11;3;6;9;11;7;12;4;0
Sweden;Malta;4;4;3;8;14;4;23;7;0
Sweden;Azerbaijan;12;1;4;2;6;2;24;10;0
Switzerland;Australia;6;2;3;2;1;1;10;12;1
Switzerland;Spain;11;20;17;15;8;14;9;0;2
Switzerland;France;17;17;16;11;22;18;8;0;3
Switzerland;Ukraine;10;5;18;1;3;5;7;6;4
Switzerland;Poland;24;24;13;24;23;25;6;0;5
Switzerland;Russia;8;26;21;13;12;17;5;0;6
Switzerland;Italy;3;3;20;19;9;9;4;2;7
Switzerland;Germany;15;14;6;23;18;15;3;0;8
Switzerland;Austria;1;15;24;5;2;7;2;4;10
Switzerland;Serbia;18;7;14;10;16;13;1;0;12
Switzerland;Bulgaria;13;9;1;20;17;10;13;1;0
Switzerland;Latvia;20;4;7;7;10;8;20;3;0
Switzerland;The Netherlands;5;13;10;6;11;6;12;5;0
Switzerland;Lithuania;2;11;4;9;4;4;18;7;0
Switzerland;Israel;4;10;2;4;6;3;21;8;0
Switzerland;Belgium;7;1;5;3;5;2;14;10;0
The Netherlands;Bulgaria;22;7;19;23;7;18;10;0;1
The Netherlands;Sweden;5;2;9;1;1;2;9;10;2
The Netherlands;Russia;20;15;8;3;19;13;8;0;3
The Netherlands;France;17;8;6;11;6;6;7;5;4
The Netherlands;Australia;1;3;1;2;3;1;6;12;5
The Netherlands;Austria;6;1;3;13;8;3;5;8;6
The Netherlands;Ukraine;4;22;11;12;2;8;4;3;7
The Netherlands;Armenia;18;10;4;9;11;9;3;2;8
The Netherlands;Poland;16;25;24;21;25;25;2;0;10
The Netherlands;Belgium;11;13;2;6;17;7;1;4;12
The Netherlands;Azerbaijan;12;12;14;15;4;10;23;1;0
The Netherlands;Italy;7;5;7;14;9;5;20;6;0
The Netherlands;Israel;10;4;5;4;16;4;18;7;0
Ukraine;Sweden;10;7;9;8;8;7;10;4;1
Ukraine;Bulgaria;12;9;10;15;5;10;9;1;2
Ukraine;Lithuania;1;1;2;2;3;1;8;12;3
Ukraine;Australia;7;6;8;11;2;6;7;5;4
Ukraine;Latvia;4;2;4;6;4;3;6;8;5
Ukraine;Georgia;8;8;11;5;15;8;5;3;6
Ukraine;Armenia;13;20;7;21;17;15;4;0;7
Ukraine;Poland;6;12;16;9;9;11;3;0;8
Ukraine;Azerbaijan;2;4;3;4;11;4;2;7;10
Ukraine;Russia;21;21;24;24;12;22;1;0;12
Ukraine;Hungary;9;10;5;17;6;9;13;2;0
Ukraine;Israel;3;5;6;3;7;5;16;6;0
Ukraine;Belgium;5;3;1;1;1;2;18;10;0
United Kingdom;Sweden;24;25;9;25;23;24;10;0;1
United Kingdom;Cyprus;1;7;2;11;16;4;9;7;2
United Kingdom;Latvia;22;9;4;12;20;15;8;0;3
United Kingdom;Spain;17;18;22;16;21;21;7;0;4
United Kingdom;Ukraine;11;1;1;1;5;2;6;10;5
United Kingdom;Australia;3;6;6;4;12;3;5;8;6
United Kingdom;Russia;20;16;11;13;2;13;4;0;7
United Kingdom;Bulgaria;10;4;21;3;9;6;3;5;8
United Kingdom;Poland;16;21;24;14;8;18;2;0;10
United Kingdom;Lithuania;7;8;13;19;3;7;1;4;12
United Kingdom;Croatia;21;12;10;5;6;10;25;1;0
United Kingdom;Serbia;9;11;16;6;10;9;24;2;0
United Kingdom;Israel;5;5;14;9;19;8;17;3;0
United Kingdom;France;6;10;5;7;11;5;11;6;0
United Kingdom;Georgia;2;2;3;2;1;1;19;12;0